Ad Category,Banner Size / Needs,Heading,Sub Heading,Content ,Button Text,Image Requested,Image Inspiration
Before & After Redesign,Instagram - Post Images (Square): 1080 x 1080 pixels,Tired Of Your Site?,See The Difference,Before vs After,Let’s Rebuild Yours,,Split-screen: old vs new website layout
Responsive Mockup Display,Instagram - Post Images (Square): 1080 x 1080 pixels,"Your Site, Everywhere",Mobile. Tablet. Desktop.,Looks Perfect On All Devices,Get A Responsive Redesign,,3D device mockups with brand-matching screen views
Website Launch Graphic,Instagram - Post Images (Square): 1080 x 1080 pixels,Your New Website Is Live,Like A Rocket Launch,Ready For Growth,Launch Yours Today,,Rocket taking off from screen illustration
Client Website Carousel,Instagram - Post Images (Square): 1080 x 1080 pixels,Real Sites. Real Results.,Built For Real Clients,Preview Our Work,Explore Our Portfolio,,Browser mockups in carousel/grid style
Speed Performance Highlight,Instagram - Post Images (Square): 1080 x 1080 pixels,Speed = Sales,We Build Fast Sites,No More Slow Loads,Boost Your Performance,,"Speedometer graphic at max with ""Performance"" glowing"
Problem → Solution Flow,Instagram - Post Images (Square): 1080 x 1080 pixels,Struggling With Your Site?,We Design Sites That Work,See The Fix,Get A Better Website,,3-step visual: Problem → Solution → New site mockup
SEO + Design Combo,Instagram - Post Images (Square): 1080 x 1080 pixels,Looks Good. Ranks Better.,SEO + Design Combined,Climb Google Faster,Start Optimising Today,,Design elements + SEO graph rising from browser window
Website Health Check,Instagram - Post Images (Square): 1080 x 1080 pixels,How Healthy Is Your Site?,Check Your Score Today,Design. Speed. SEO.,Book A Free Audit,,Modern dashboard UI showing site health stats
Process Timeline,Instagram - Post Images (Square): 1080 x 1080 pixels,See How We Work,A Simple 5-Step Process,Clear. Fast. Effective.,Walk Through Our Process,,Timeline graphic: Discover → Design → Develop → Launch → Support
Client Testimonial Scene,Instagram - Post Images (Square): 1080 x 1080 pixels,Another Happy Client,5 Stars Across The Board,A Website They Love,Let’s Build Yours Next,,Business owner smiling + 5-star review overlay
Authority Hero,Instagram - Post Images (Square): 1080 x 1080 pixels,Australia's #1 Rated Agency,220+ Five Star Reviews,2+ Decades • 3500+ Websites,Free Quote,,Wall of 5-star reviews with Brisbane skyline
Local Authority,Instagram - Post Images (Square): 1080 x 1080 pixels,Brisbane's #1 Rated Agency,220+ Local Success Stories,Award-Winning Team,Book Free Call,,"Brisbane map with map pins, #1 badge"
Process,Instagram - Post Images (Square): 1080 x 1080 pixels,Proven 5-Step Process,3500+ Successful Builds,220+ Reviews • 2+ Decades,See Process,,Step infographic with testimonials
SEO + Design,Instagram - Post Images (Square): 1080 x 1080 pixels,Beautiful Sites That Rank,220+ Brisbane Businesses Agree,SEO Built-In • Award-Winning,Rank Higher Today,,Google Search Screen wih list of websites. have 1 website in a rounded container pop out and arrows going upwards
Problem Solver,Instagram - Post Images (Square): 1080 x 1080 pixels,Website Not Converting?,We Fix What's Broken,Professional Results Guaranteed,Fix It Now,,Split screen: bad vs good website
Experience Focus,Instagram - Post Images (Square): 1080 x 1080 pixels,2+ Decades Building Sites,3500+ Websites Crafted,Award-Winning Results,See Portfolio,,Timeline with achievement milestones icons
Results Proof,Instagram - Post Images (Square): 1080 x 1080 pixels,High-Performance Websites,That Actually Get Results,SEO Optimized • Mobile Ready,Get Results,,Performance dashboard with metrics
Transformation,Instagram - Post Images (Square): 1080 x 1080 pixels,Amateur to Award-Winning,Professional Website Transformation,Expert Team • Proven Process,Transform Yours,,Before/after website comparison
Speed Focus,Instagram - Post Images (Square): 1080 x 1080 pixels,Fast Loading Websites,Speed = More Sales,Optimized for Performance,Speed Test,,Speedometer at max with website mockup
Mobile Priority,Instagram - Post Images (Square): 1080 x 1080 pixels,Mobile-Perfect Websites,Looks Great Everywhere,Responsive Design Experts,Go Mobile,,Multiple device mockups showing responsive design
SEO Authority,Instagram - Post Images (Square): 1080 x 1080 pixels,Websites That Rank,Beautiful Design + SEO Power,Google-Friendly Builds,Rank Higher,,Website climbing up Google search results
Professional Edge,Instagram - Post Images (Square): 1080 x 1080 pixels,Professional Web Design,Stand Out From Competition,Custom Built • Future Ready,Stand Out,,"Clean, modern website mockup with premium feel"
Business Growth,Instagram - Post Images (Square): 1080 x 1080 pixels,Grow Your Business Online,Websites Built For Success,More Leads • More Sales,Start Growing,,Growth chart with website integration
Design Excellence,Instagram - Post Images (Square): 1080 x 1080 pixels,Award-Winning Design,Beautiful Websites That Work,Creative Excellence,See Designs,,Gallery of stunning website designs
Tech Solution,Instagram - Post Images (Square): 1080 x 1080 pixels,Too Busy For Tech?,We Handle Everything,Done-For-You Service,Get Help,,Business owner relaxing while tech team works
Quick Launch,Instagram - Post Images (Square): 1080 x 1080 pixels,Launch Your Website Fast,Professional Sites Delivered Quick,Ready When You Are,Launch Now,,Rocket launch with website elements
Trust Builder,Instagram - Post Images (Square): 1080 x 1080 pixels,Websites You Can Trust,Built By Web Experts,Reliable • Secure • Professional,Build Trust,,Security badges with professional team
Call to Action,Instagram - Post Images (Square): 1080 x 1080 pixels,Ready For A New Website?,Let's Build Something Amazing,Your Vision • Our Expertise,Let's Build,,Creative team collaborating on website design